{
  "train_accuracy": 0.9851999116412635,
  "test_accuracy": 0.9690812720848057,
  "train_f1": 0.9852502330134324,
  "test_f1": 0.9691928994182648,
  "total_samples": 5659,
  "train_samples": 4527,
  "test_samples": 1132,
  "n_features": 17,
  "risk_0_recall": 0.970917225950783,
  "risk_1_recall": 0.9722222222222222,
  "risk_2_recall": 0.9604743083003953
}